{
    "metadata": {
        "system_name": "BGMI - Winter Crate 2026 (M416 Glacier)",
        "iterations": 100000,
        "seed": 42,
        "config": {
            "system_name": "BGMI - Winter Crate 2026 (M416 Glacier)",
            "game": "BGMI",
            "base_prob": 0.000558,
            "cost_per_pull_usd": 0.9,
            "multi_stage": {
                "enabled": true,
                "stages": [
                    "Base Skin",
                    "Kill Effect",
                    "Loot Box Skin"
                ],
                "upgrade_cost_avg_usd": 2500
            },
            "pity_config": null,
            "acquisition_threshold": 1,
            "notes": "Probability 0.0558% for ID 110 (M416 Glacier). No pity mechanism observed for this specific item."
        },
        "timestamp": "2026-03-04T17:29:42.450783"
    },
    "risk_metrics": {
        "median": 1192,
        "p95": 5006,
        "cte95": 6105.86,
        "median_cost": 1112.3999999999908,
        "p95_cost": 4852.844999999976,
        "cte95_cost": 6108.803999999478,
        "wrr": 5.491553398057829,
        "kurtosis": 0.0,
        "confidence_budget_95": 4852,
        "safety_net_tax": 1.3193840383018691,
        "transparency_score": 34.06757281553737,
        "transparency_grade": "F"
    },
    "sensitivity_sweep": {
        "0.01": 264.60000000000093,
        "0.005": 523.8449999999938,
        "0.001": 2705.5350000001495,
        "0.0005": 5348.8349999997845
    }
}