{
    "parameters": {
        "max_gain (L)": 0.47067877412908254,
        "midpoint (x0)": 43.9146209551938,
        "steepness (k)": 0.12319430744513615,
        "baseline (b)": 0.16518949678463093
    },
    "ric_impact_score": 12.319430744513616,
    "correlation": 0.3703137320679314
}